#plate,mjd,fiberid,run2d,specobj_id,ra,dec,sn_median_r,z,zerr,zwarning,class,subclass
'1990','53472','69','26','2240559839442921472',165.30904,29.873691,26.57,0.000184,1.8e-05,'0','STAR','F5'
'1990','53472','78','26','2240562313344083968',165.30923,29.848182,6.54,0.002224,0.000152,'0','STAR','A0p'
'1990','53472','117','26','2240573033582454784',165.03414,29.921154,0.91,0.000128,2.8e-05,'0','STAR','L0'
'1990','53472','198','26','2240595298692917248',164.82404,29.775218,45.12,0.000218,1.3e-05,'0','STAR','F5'
'1990','53472','263','26','2240613165756868608',164.34744,29.916864,1.53,-2.3e-05,2.7e-05,'0','STAR','M6'
'1990','53472','266','26','2240613990390589440',164.27334,29.691277,9.03,0.001083,2.3e-05,'0','STAR','M0V'
'1990','53472','268','26','2240614540146403328',164.3749,29.836805,38.63,3.6e-05,9e-06,'0','STAR','F9'
'1990','53472','278','26','2240617288925472768',164.45862,29.943936,1.44,-9.3e-05,2.2e-05,'0','STAR','M7'
'2211','53786','181','26','2489414510448764928',165.91829,28.280319,5.93,-1.9e-05,2.7e-05,'0','STAR','M5'
'2211','53786','193','26','2489417808983648256',165.97609,28.508304,36.02,0.000216,1.3e-05,'0','STAR','F5'
'2211','53786','195','26','2489418358739462144',166.03711,28.459173,13.1,-9.7e-05,2e-05,'0','STAR','M3'
'2211','53786','227','26','2489427154832484352',165.69389,28.691239,27.6,-0.000238,1.6e-05,'0','STAR','A0'
'2211','53786','263','26','2489437050437134336',165.45143,28.690054,7.55,0.002425,0.000106,'0','STAR','A0'
'2211','53786','265','26','2489437600192948224',165.2982,28.311433,40.43,0.000486,1.1e-05,'0','STAR','F5'
'2211','53786','288','26','2489443922384807936',164.94776,28.051713,37.0,8.3e-05,9e-06,'0','STAR','A0'
'2211','53786','302','26','2489447770675505152',165.15042,28.621295,24.83,0.000217,1.6e-05,'0','STAR','F2'
'2211','53786','316','26','2489451618966202368',164.57359,28.769263,7.43,0.001613,-4.0,'0','STAR','CarbonWD'
'2211','53786','320','26','2489452718477830144',164.52665,28.785847,4.6,-0.000134,2.1e-05,'0','STAR','M6'
'2211','53786','325','26','2489454092867364864',164.96011,29.594527,1.01,2.5e-05,2e-05,'0','STAR','M6'
'2211','53786','335','26','2489456841646434304',164.96338,29.515112,5.45,0.000338,2.3e-05,'0','STAR','M2'
'2211','53786','343','26','2489459040669689856',165.12009,29.299366,9.0,6.4e-05,3.8e-05,'0','STAR','M2'
'2211','53786','349','26','2489460689937131520',165.12277,28.957892,20.38,-0.000175,1.5e-05,'0','STAR','M0'
'2211','53786','350','26','2489460964815038464',165.00169,29.111175,7.09,0.000179,1.8e-05,'0','STAR','M3'
'2211','53786','366','26','2489465362861549568',165.42883,29.736091,38.3,-0.000517,6e-06,'0','STAR','A0'
'2211','53786','374','26','2489467561884805120',165.47828,29.48829,3.05,5.6e-05,2.7e-05,'0','STAR','M4'
'2211','53786','379','26','2489468936274339840',165.30442,29.630602,42.65,-0.000241,1e-05,'0','STAR','F5'
'2211','53786','405','26','2489476083099920384',165.59117,29.729188,10.1,-0.000274,2e-05,'0','STAR','M2'
'2211','53786','409','26','2489477182611548160',165.80342,29.453651,5.02,0.000231,0.000135,'0','STAR','WD'
'2211','53786','451','26','2489488727483639808',166.02112,29.291504,43.13,-0.00028,9e-06,'0','STAR','G2'
'2211','53786','458','26','2489490651628988416',165.88976,29.400176,35.97,0.000203,1e-05,'0','STAR','F5'
'2211','53786','460','26','2489491201384802304',166.00035,29.711669,15.5,-0.000629,2.8e-05,'0','STAR','F5'
'2211','53786','490','26','2489499447722010624',166.05095,29.233677,3.47,0.000281,0.000139,'0','STAR','M0V'
'2359','53800','23','26','2656004266187057152',165.48445,28.058715,1.64,3.1e-05,4.7e-05,'0','STAR','M5'
'2359','53800','25','26','2656004815942871040',165.45825,28.149851,2.59,1.4e-05,2.7e-05,'0','STAR','M5'
'2359','53800','29','26','2656005915454498816',165.00701,28.166654,27.81,-0.000263,1.4e-05,'0','STAR','F5'
'2359','53800','37','26','2656008114477754368',165.09414,28.125441,14.18,0.000539,2.6e-05,'0','STAR','A0'
'2359','53800','38','26','2656008389355661312',165.52156,28.127974,22.02,-0.000236,1.8e-05,'0','STAR','M3'
'2359','53800','102','26','2656025981541705728',164.47605,27.996554,5.73,0.000223,3.7e-05,'0','STAR','CV'
'2359','53800','141','26','2656036701780076544',164.31213,27.98669,7.18,-9.7e-05,0.000121,'0','STAR','A0'
'2359','53800','157','26','2656041099826587648',164.18446,28.1723,20.17,-9.4e-05,1.6e-05,'0','STAR','M3'
'2359','53800','538','26','2656145828309133312',164.11579,29.064227,1.41,0.000199,1.4e-05,'0','STAR','M8'
'2359','53800','549','26','2656148851966109696',164.19136,28.681675,25.08,6.7e-05,1.2e-05,'0','STAR','M3'
'2359','53800','569','26','2656154349524248576',164.49446,29.621164,13.1,0.000136,6.2e-05,'0','STAR','A0'
'2359','53800','575','26','2656155998791690240',164.30894,29.38377,21.07,0.000139,1.7e-05,'0','STAR','M3'
'2359','53800','581','26','2656157648059131904',164.69817,28.785791,53.67,4.3e-05,1.2e-05,'0','STAR','M2'
'2359','53800','585','26','2656158747570759680',164.59473,28.671265,5.89,-1.9e-05,8.9e-05,'0','STAR','WD'
'2359','53800','589','26','2656159847082387456',164.88509,28.790385,28.38,-2e-06,1.2e-05,'0','STAR','M2'
'2359','53800','591','26','2656160396838201344',164.60946,28.396257,32.74,-0.000276,1.2e-05,'0','STAR','F5'
'2359','53800','592','26','2656160671716108288',164.73263,28.65196,4.23,1e-06,0.00012,'0','STAR','WD'
'2359','53800','599','26','2656162595861456896',164.66803,28.507597,1.33,4.3e-05,2.6e-05,'0','STAR','M6'
'2359','53800','611','26','2656165894396340224',165.1772,29.140565,24.15,4.6e-05,1.3e-05,'0','STAR','F2'
'2359','53800','612','26','2656166169274247168',165.01842,29.3313,23.54,3.2e-05,1.6e-05,'0','STAR','F5'
'2359','53800','621','26','2656168643175409664',165.49483,28.605877,53.06,-3.1e-05,1.8e-05,'0','STAR','M3'
'2359','53800','625','26','2656169742687037440',165.31707,28.411292,11.71,-0.000802,3.3e-05,'0','STAR','A0'
'2359','53800','629','26','2656170842198665216',165.11533,28.575565,26.07,1.6e-05,1.4e-05,'0','STAR','M2'
'2359','53800','631','26','2656171391954479104',165.17414,28.920789,8.89,-0.000402,5.9e-05,'0','STAR','A0'
'2359','53800','632','26','2656171666832386048',165.21278,28.635444,6.28,0.0006,6e-05,'0','STAR','F5'
'2359','53800','633','26','2656171941710292992',165.35317,28.589855,4.32,-0.000113,1.9e-05,'0','STAR','M6'
'2359','53800','636','26','2656172766344013824',165.56163,28.413431,37.18,4e-05,7e-06,'0','STAR','K5'
'2359','53800','637','26','2656173041221920768',164.96717,28.945517,19.8,0.000552,3e-05,'0','STAR','A0'
'2359','53800','638','26','2656173316099827712',165.21619,28.56848,26.57,5e-06,1.2e-05,'0','STAR','M2'
'2359','53826','23','26','2656004266623264768',165.45825,28.149851,2.27,1.1e-05,2.6e-05,'0','STAR','M5'
'2359','53826','25','26','2656004816379078656',165.00701,28.166654,23.85,-0.000353,2.7e-05,'0','STAR','A0'
'2359','53826','29','26','2656005915890706432',165.52156,28.127974,21.73,-0.00024,2.1e-05,'0','STAR','M3'
'2359','53826','34','26','2656007290280241152',165.48445,28.058715,2.22,0.000169,2.5e-05,'0','STAR','M5'
'2359','53826','37','26','2656008114913961984',165.09414,28.125441,14.04,0.000584,2.7e-05,'0','STAR','A0'
'2359','53826','105','26','2656026806611634176',164.47605,27.996554,6.06,0.000191,3.4e-05,'0','STAR','CV'
'2359','53826','142','26','2656036977094191104',164.31213,27.98669,7.78,-0.000155,9.8e-05,'0','STAR','A0'
'2359','53826','153','26','2656040000751167488',164.18446,28.1723,19.78,-0.0001,1.9e-05,'0','STAR','M3'
'2359','53826','532','26','2656144179477899264',164.11579,29.064227,1.08,0.000187,1.3e-05,'0','STAR','M8'
'2359','53826','547','26','2656148302646503424',164.19136,28.681675,24.59,5.8e-05,1.7e-05,'0','STAR','M3'
'2359','53826','569','26','2656154349960456192',164.49446,29.621164,13.31,0.000215,6.3e-05,'0','STAR','A0'
'2359','53826','575','26','2656155999227897856',164.30894,29.38377,20.7,0.000132,2.2e-05,'0','STAR','M3'
'2359','53826','581','26','2656157648495339520',164.69817,28.785791,47.77,4.6e-05,1.2e-05,'0','STAR','M2'
'2359','53826','585','26','2656158748006967296',164.73263,28.65196,4.51,-4.9e-05,0.000122,'0','STAR','WD'
'2359','53826','589','26','2656159847518595072',164.88509,28.790385,27.06,4e-06,1.3e-05,'0','STAR','M2'
'2359','53826','591','26','2656160397274408960',164.60946,28.396257,30.78,-0.00027,1.2e-05,'0','STAR','F5'
'2359','53826','592','26','2656160672152315904',164.59473,28.671265,6.62,-0.000136,8.7e-05,'0','STAR','WD'
'2359','53826','599','26','2656162596297664512',164.66803,28.507597,1.62,4.4e-05,2.4e-05,'0','STAR','M6'
'2359','53826','611','26','2656165894832547840',165.1772,29.140565,23.96,4.6e-05,1.5e-05,'0','STAR','F2'
'2359','53826','612','26','2656166169710454784',165.01842,29.3313,23.56,2.1e-05,1.7e-05,'0','STAR','F5'
'2359','53826','621','26','2656168643611617280',165.35317,28.589855,4.67,-0.000119,2.3e-05,'0','STAR','M6'
'2359','53826','625','26','2656169743123245056',165.31707,28.411292,10.02,-0.000815,4.8e-05,'0','STAR','A0'
'2359','53826','629','26','2656170842634872832',165.11533,28.575565,24.46,2.6e-05,1.1e-05,'0','STAR','M2'
'2359','53826','631','26','2656171392390686720',165.17414,28.920789,9.5,-0.000294,6e-05,'0','STAR','A0'
'2359','53826','632','26','2656171667268593664',165.49483,28.605877,47.83,-2.7e-05,1.8e-05,'0','STAR','M3'
'2359','53826','636','26','2656172766780221440',165.56163,28.413431,34.59,4e-05,8e-06,'0','STAR','K5'
'2359','53826','637','26','2656173041658128384',164.96717,28.945517,19.75,0.0006,2.8e-05,'0','STAR','A0'
'2359','53826','638','26','2656173316536035328',165.21619,28.56848,20.91,7e-06,1.4e-05,'0','STAR','M2'
'2855','54466','111','26','3214474820410435584',166.05747,28.095512,64.06,9.4e-05,1e-05,'0','STAR','F5'
'2855','54466','113','26','3214475370166249472',166.00971,28.396539,36.89,0.000253,1.5e-05,'0','STAR','F5'
'2855','54466','142','26','3214483341625550848',165.93485,28.21719,81.08,2e-06,7e-06,'0','STAR','K3'
'2855','54466','143','26','3214483616503457792',165.78004,28.147903,91.23,-2.3e-05,7e-06,'0','STAR','F9'
'2855','54466','144','26','3214483891381364736',165.70971,28.198895,71.91,6.6e-05,8e-06,'0','STAR','F9'
'2855','54466','147','26','3214484716015085568',165.68568,28.01974,71.32,-0.000182,9e-06,'0','STAR','G0'
'2855','54466','148','26','3214484990892992512',165.81985,28.226031,83.26,0.000195,8e-06,'0','STAR','F9'
'2855','54466','149','26','3214485265770899456',165.69287,28.061235,72.7,-0.000187,9e-06,'0','STAR','G2'
'2855','54466','150','26','3214485540648806400',165.83851,27.984028,92.73,-0.000185,9e-06,'0','STAR','F9'
'2855','54466','151','26','3214485815526713344',165.81564,28.274179,57.05,-0.000121,1e-05,'0','STAR','F9'
'2855','54466','153','26','3214486365282527232',165.89496,28.134863,39.11,-0.000121,1.4e-05,'0','STAR','G0'
'2855','54466','156','26','3214487189916248064',165.87031,28.107628,52.12,0.000687,9e-06,'0','STAR','F5'
'2855','54466','157','26','3214487464794155008',165.88876,28.315754,89.38,-0.000176,7e-06,'0','STAR','K5'
'2855','54466','164','26','3214489388939503616',165.40697,28.445342,59.54,8e-05,9e-06,'0','STAR','A0'
'2855','54466','166','26','3214489938695317504',165.53267,28.38313,88.04,6.4e-05,8e-06,'0','STAR','F9'
'2855','54466','167','26','3214490213573224448',165.40014,28.235707,49.75,-9.5e-05,8e-06,'0','STAR','F9'
'2855','54466','168','26','3214490488451131392',165.63224,28.140253,89.85,-1.3e-05,8e-06,'0','STAR','F9'
'2855','54466','169','26','3214490763329038336',165.50267,28.114231,54.13,3e-05,1.1e-05,'0','STAR','F5'
'2855','54466','171','26','3214491313084852224',165.66748,28.403321,64.2,1.3e-05,8e-06,'0','STAR','F9'
'2855','54466','172','26','3214491587962759168',165.64649,28.186795,83.04,0.000126,9e-06,'0','STAR','G2'
'2855','54466','173','26','3214491862840666112',165.50436,28.392673,80.7,7.7e-05,8e-06,'0','STAR','K1'
'2855','54466','174','26','3214492137718573056',165.52368,28.457112,75.39,0.000131,9e-06,'0','STAR','F9'
'2855','54466','175','26','3214492412596480000',165.46121,28.369086,63.11,-0.000109,1.1e-05,'0','STAR','F5'
'2855','54466','177','26','3214492962352293888',165.57552,28.373812,54.81,0.00017,8e-06,'0','STAR','F9'
'2855','54466','178','26','3214493237230200832',165.54064,28.447192,73.18,9.1e-05,8e-06,'0','STAR','F9'
'2855','54466','179','26','3214493512108107776',165.48822,27.981709,69.22,-0.000306,8e-06,'0','STAR','F9'
'2855','54466','180','26','3214493786986014720',165.58621,28.12216,93.89,0.000484,8e-06,'0','STAR','G2'
'2855','54466','183','26','3214494611619735552',165.20636,28.19648,47.59,5.9e-05,1e-05,'0','STAR','F9'
'2855','54466','184','26','3214494886497642496',165.06439,28.33516,54.66,-2.1e-05,8e-06,'0','STAR','F9'
'2855','54466','185','26','3214495161375549440',165.33995,28.049969,60.16,3e-05,8e-06,'0','STAR','F9'
'2855','54466','186','26','3214495436253456384',165.32492,28.254746,85.84,0.000184,8e-06,'0','STAR','F9'
'2855','54466','187','26','3214495711131363328',165.28767,28.272456,83.88,0.000221,8e-06,'0','STAR','F9'
'2855','54466','188','26','3214495986009270272',165.0703,28.305286,68.21,-6.8e-05,8e-06,'0','STAR','F5'
'2855','54466','189','26','3214496260887177216',165.18717,28.101687,86.78,-0.000142,1e-05,'0','STAR','G2'
'2855','54466','190','26','3214496535765084160',165.04686,28.414808,85.21,0.000166,8e-06,'0','STAR','F9'
'2855','54466','191','26','3214496810642991104',165.30838,28.181821,82.49,1.3e-05,8e-06,'0','STAR','F9'
'2855','54466','192','26','3214497085520898048',165.28889,28.197897,89.97,-0.000155,8e-06,'0','STAR','F9'
'2855','54466','193','26','3214497360398804992',165.2982,28.311433,66.41,0.000473,8e-06,'0','STAR','F5'
'2855','54466','194','26','3214497635276711936',165.1827,28.000635,88.32,0.000243,8e-06,'0','STAR','F9'
'2855','54466','195','26','3214497910154618880',165.18735,28.426616,89.89,-0.000225,7e-06,'0','STAR','K5'
'2855','54466','197','26','3214498459910432768',165.15736,28.448772,86.15,-0.000112,1e-05,'0','STAR','F5'
'2855','54466','198','26','3214498734788339712',165.38126,27.998432,38.89,-7.1e-05,1.3e-05,'0','STAR','F5'
'2855','54466','199','26','3214499009666246656',165.14965,28.03933,73.32,-4.6e-05,8e-06,'0','STAR','F9'
'2855','54466','200','26','3214499284544153600',165.32876,28.345175,78.86,0.000412,8e-06,'0','STAR','F9'
'2855','54466','221','26','3214505056980199424',164.93197,28.402502,48.67,0.000313,1.1e-05,'0','STAR','F5'
'2855','54466','222','26','3214505331858106368',164.94776,28.051713,66.4,0.000113,5e-06,'0','STAR','A0'
'2855','54466','223','26','3214505606736013312',164.8781,28.281377,79.11,0.000112,1e-05,'0','STAR','F5'
'2855','54466','224','26','3214505881613920256',164.99925,28.34035,74.96,-0.000179,9e-06,'0','STAR','F9'
'2855','54466','229','26','3214507256003454976',164.72854,28.029192,64.48,0.000106,1e-05,'0','STAR','G0'
'2855','54466','230','26','3214507530881361920',164.79301,28.163526,83.91,2.4e-05,6e-06,'0','STAR','K3'
'2855','54466','231','26','3214507805759268864',164.79293,28.347625,74.22,-0.000355,1.1e-05,'0','STAR','F5'
'2855','54466','233','26','3214508355515082752',164.99945,28.320833,68.61,-0.000182,8e-06,'0','STAR','F9'
'2855','54466','234','26','3214508630392989696',164.86395,28.411142,38.92,0.000747,1.4e-05,'0','STAR','F5'
'2855','54466','235','26','3214508905270896640',165.03104,28.16061,40.39,0.000188,1e-05,'0','STAR','G0'
'2855','54466','238','26','3214509729904617472',165.00894,28.091058,90.87,-0.000306,8e-06,'0','STAR','F9'
'2855','54466','239','26','3214510004782524416',164.83585,28.359393,78.1,0.00016,8e-06,'0','STAR','F9'
'2855','54466','261','26','3214516052096477184',164.49656,28.077981,66.72,-6.6e-05,8e-06,'0','STAR','F9'
'2855','54466','262','26','3214516326974384128',164.59343,27.979123,62.41,0.000654,7e-06,'0','STAR','A0'
'2855','54466','263','26','3214516601852291072',164.34913,28.230112,93.42,-0.000279,7e-06,'0','STAR','F2'
'2855','54466','264','26','3214516876730198016',164.3871,28.256923,67.96,-0.000109,1e-05,'0','STAR','G0'
'2855','54466','269','26','3214518251119732736',164.52119,28.187569,68.0,0.000877,7e-06,'0','STAR','K1'
'2855','54466','270','26','3214518525997639680',164.68743,28.068068,88.36,3e-05,8e-06,'0','STAR','G2'
'2855','54466','271','26','3214518800875546624',164.64129,28.368681,68.11,-0.000169,1e-05,'0','STAR','G2'
'2855','54466','272','26','3214519075753453568',164.68855,28.290262,39.64,0.000183,1e-05,'0','STAR','K5'
'2855','54466','273','26','3214519350631360512',164.60423,28.352822,56.17,-0.000113,1.1e-05,'0','STAR','A0'
'2855','54466','274','26','3214519625509267456',164.71891,28.111723,44.31,-0.000241,1.2e-05,'0','STAR','F5'
'2855','54466','278','26','3214520725020895232',164.52668,28.381795,55.71,-5e-06,9e-06,'0','STAR','G2'
'2855','54466','280','26','3214521274776709120',164.52457,28.343093,51.43,5.4e-05,1e-05,'0','STAR','G2'
'2855','54466','301','26','3214527047212754944',164.25153,28.069047,48.64,0.00053,1e-05,'0','STAR','F5'
'2855','54466','305','26','3214528146724382720',164.1955,27.979952,88.51,0.000296,8e-06,'0','STAR','F9'
'2855','54466','312','26','3214530070869731328',164.19121,28.001957,34.49,0.000109,1.1e-05,'0','STAR','F9'
'2855','54466','316','26','3214531170381359104',164.32832,28.213263,33.62,0.000279,1e-05,'0','STAR','M1'
'2855','54466','322','26','3214532819648800768',164.51289,29.509591,84.79,0.000146,7e-06,'0','STAR','F5'
'2855','54466','323','26','3214533094526707712',164.48815,29.317042,42.55,9e-05,1e-05,'0','STAR','F9'
'2855','54466','324','26','3214533369404614656',164.2258,29.413934,75.45,0.000344,9e-06,'0','STAR','F5'
'2855','54466','326','26','3214533919160428544',164.41234,29.260159,44.68,-0.00013,1.5e-05,'0','STAR','A0'
'2855','54466','327','26','3214534194038335488',164.42028,29.504034,87.86,-1e-06,7e-06,'0','STAR','K5'
'2855','54466','329','26','3214534743794149376',164.23968,29.198074,73.2,0.00011,9e-06,'0','STAR','F9'
'2855','54466','330','26','3214535018672056320',164.59132,29.653119,73.06,0.000258,8e-06,'0','STAR','F5'
'2855','54466','331','26','3214535293549963264',164.29492,29.376139,41.92,-1.9e-05,1e-05,'0','STAR','F9'
'2855','54466','332','26','3214535568427870208',164.25539,29.144683,81.02,-6.6e-05,9e-06,'0','STAR','G2'
'2855','54466','333','26','3214535843305777152',164.14598,29.311815,42.8,0.000149,1.1e-05,'0','STAR','F5'
'2855','54466','334','26','3214536118183684096',164.59253,29.3865,85.71,-0.000223,4e-06,'0','STAR','A0'
'2855','54466','335','26','3214536393061591040',164.45199,29.170291,35.28,0.000234,1.2e-05,'0','STAR','F5'
'2855','54466','336','26','3214536667939497984',164.20955,29.244639,89.91,4.7e-05,9e-06,'0','STAR','G2'
'2855','54466','337','26','3214536942817404928',164.53789,29.168512,50.21,-8.1e-05,8e-06,'0','STAR','F9'
'2855','54466','338','26','3214537217695311872',164.33232,29.359955,65.52,-0.000238,7e-06,'0','STAR','A0'
'2855','54466','339','26','3214537492573218816',164.22871,29.299101,86.2,0.000394,7e-06,'0','STAR','F5'
'2855','54466','340','26','3214537767451125760',164.32852,29.19857,78.11,0.000223,7e-06,'0','STAR','F5'
'2855','54466','341','26','3214538042329032704',164.31112,29.057613,42.83,0.000155,1.1e-05,'0','STAR','F5'
'2855','54466','343','26','3214538592084846592',164.3403,29.12328,79.38,0.000113,1e-05,'0','STAR','F5'
'2855','54466','351','26','3214540791108102144',164.30863,28.537825,78.36,7.6e-05,8e-06,'0','STAR','F9'
'2855','54466','352','26','3214541065986009088',164.35425,28.637294,58.78,0.000115,8e-06,'0','STAR','K1'
'2855','54466','355','26','3214541890619729920',164.37027,28.610244,41.5,-0.000148,1.5e-05,'0','STAR','A0'
'2855','54466','357','26','3214542440375543808',164.32768,28.920176,63.27,-0.000151,9e-06,'0','STAR','F9'
'2855','54466','358','26','3214542715253450752',164.25349,28.486894,85.47,-0.000192,8e-06,'0','STAR','F5'
'2855','54466','361','26','3214543539887171584',164.91284,29.582982,67.17,-0.000289,8e-06,'0','STAR','F9'
'2855','54466','362','26','3214543814765078528',164.64659,29.407262,74.71,-0.000251,8e-06,'0','STAR','F9'
'2855','54466','363','26','3214544089642985472',164.76367,29.587277,92.35,2.3e-05,9e-06,'0','STAR','F9'
'2855','54466','365','26','3214544639398799360',164.82358,29.622308,34.9,0.000397,1e-05,'0','STAR','G2'
'2855','54466','367','26','3214545189154613248',164.8351,29.420608,77.61,-0.000261,8e-06,'0','STAR','F5'
'2855','54466','368','26','3214545464032520192',164.80877,29.63762,63.37,-1.6e-05,9e-06,'0','STAR','G2'
'2855','54466','369','26','3214545738910427136',164.72625,29.533845,76.4,-0.000113,9e-06,'0','STAR','F9'
'2855','54466','370','26','3214546013788334080',164.73061,29.312879,87.29,4.3e-05,7e-06,'0','STAR','K5'
'2855','54466','372','26','3214546563544147968',164.63292,29.464669,79.12,0.000132,7e-06,'0','STAR','F5'
'2855','54466','374','26','3214547113299961856',164.60479,29.309715,81.83,-0.000349,1.3e-05,'0','STAR','F9'
'2855','54466','377','26','3214547937933682688',164.67062,29.172533,83.26,5.1e-05,1.2e-05,'0','STAR','F9'
'2855','54466','378','26','3214548212811589632',164.74049,29.405274,82.67,-0.000138,7e-06,'0','STAR','K3'
'2855','54466','379','26','3214548487689496576',164.86988,29.271608,48.68,0.000419,1.3e-05,'0','STAR','A0'
'2855','54466','380','26','3214548762567403520',164.92271,29.64249,49.79,-0.000111,1.2e-05,'0','STAR','F5'
'2855','54466','382','26','3214549312323217408',164.41618,29.032191,61.75,-9.2e-05,9e-06,'0','STAR','F9'
'2855','54466','383','26','3214549587201124352',164.51415,28.703008,81.94,-0.000261,7e-06,'0','STAR','F5'
'2855','54466','384','26','3214549862079031296',164.44691,29.02579,87.86,0.000117,8e-06,'0','STAR','K5'
'2855','54466','385','26','3214550136956938240',164.43998,28.884056,62.23,0.000326,1e-05,'0','STAR','F5'
'2855','54466','386','26','3214550411834845184',164.58842,29.064361,40.51,0.000268,1e-05,'0','STAR','F9'
'2855','54466','387','26','3214550686712752128',164.46613,29.108414,83.57,-5.3e-05,9e-06,'0','STAR','F9'
'2855','54466','388','26','3214550961590659072',164.64911,28.847133,90.41,7.8e-05,9e-06,'0','STAR','F9'
'2855','54466','390','26','3214551511346472960',164.44451,28.769476,61.18,-4.3e-05,9e-06,'0','STAR','F5'
'2855','54466','391','26','3214551786224379904',164.58997,28.628381,51.51,-0.000258,1e-05,'0','STAR','G2'
'2855','54466','392','26','3214552061102286848',164.38275,28.643225,79.45,-0.000152,9e-06,'0','STAR','K5'
'2855','54466','393','26','3214552335980193792',164.38433,28.548646,68.06,0.000108,1.1e-05,'0','STAR','F5'
'2855','54466','394','26','3214552610858100736',164.53781,28.801644,82.46,0.000201,8e-06,'0','STAR','F9'
'2855','54466','395','26','3214552885736007680',164.55754,28.670015,80.03,-0.000156,9e-06,'0','STAR','F9'
'2855','54466','396','26','3214553160613914624',164.38211,28.96731,72.91,-2.8e-05,8e-06,'0','STAR','F9'
'2855','54466','399','26','3214553985247635456',164.60144,28.698777,91.36,-9.8e-05,9e-06,'0','STAR','F9'
'2855','54466','401','26','3214554535003449344',165.28911,29.524292,39.64,-3.3e-05,1.2e-05,'0','STAR','F5'
'2855','54466','402','26','3214554809881356288',165.035,29.251635,63.94,5.1e-05,9e-06,'0','STAR','F9'
'2855','54466','403','26','3214555084759263232',165.18394,29.25546,59.06,6.5e-05,7e-06,'0','STAR','K1'
'2855','54466','404','26','3214555359637170176',165.21776,29.744135,84.04,2.4e-05,7e-06,'0','STAR','K1'
'2855','54466','405','26','3214555634515077120',165.30442,29.630602,74.08,-0.000246,8e-06,'0','STAR','F5'
'2855','54466','406','26','3214555909392984064',165.14476,29.436965,42.81,-5.3e-05,1.1e-05,'0','STAR','F5'
'2855','54466','407','26','3214556184270891008',165.34412,29.276693,48.4,-0.000675,1.1e-05,'0','STAR','F5'
'2855','54466','408','26','3214556459148797952',165.28062,29.722675,69.32,0.00024,8e-06,'0','STAR','F9'
'2855','54466','409','26','3214556734026704896',165.01589,29.279148,70.72,0.00018,8e-06,'0','STAR','F5'
'2855','54466','410','26','3214557008904611840',165.30004,29.57249,70.49,0.000404,8e-06,'0','STAR','A0'
'2855','54466','411','26','3214557283782518784',165.12181,29.230043,42.66,0.000151,1e-05,'0','STAR','K5'
'2855','54466','412','26','3214557558660425728',165.0735,29.163058,83.29,-4.6e-05,7e-06,'0','STAR','K1'
'2855','54466','413','26','3214557833538332672',165.00299,29.381754,76.69,1.2e-05,8e-06,'0','STAR','F9'
'2855','54466','417','26','3214558933049960448',164.96841,29.599949,85.02,-0.000256,8e-06,'0','STAR','K7'
'2855','54466','419','26','3214559482805774336',165.37304,29.415471,75.57,5.7e-05,9e-06,'0','STAR','F9'
'2855','54466','421','26','3214560032561588224',164.78646,28.781405,57.39,-0.000178,8e-06,'0','STAR','F9'
'2855','54466','422','26','3214560307439495168',164.89401,29.075472,16.66,-0.000187,1.7e-05,'0','STAR','M4'
'2855','54466','424','26','3214560857195309056',164.8529,29.072452,51.28,0.000267,1.1e-05,'0','STAR','F5'
'2855','54466','425','26','3214561132073216000',164.80893,28.840002,74.39,-0.000293,7e-06,'0','STAR','A0'
'2855','54466','426','26','3214561406951122944',164.94565,28.940551,85.57,-4.9e-05,8e-06,'0','STAR','F9'
'2855','54466','427','26','3214561681829029888',164.73781,29.093634,93.02,-6.8e-05,8e-06,'0','STAR','F9'
'2855','54466','430','26','3214562506462750720',164.75688,29.086723,44.28,0.000568,9e-06,'0','STAR','A0'
'2855','54466','433','26','3214563331096471552',164.78101,28.50165,85.66,7e-06,8e-06,'0','STAR','G2'
'2855','54466','435','26','3214563880852285440',165.00469,28.819127,82.77,-0.000223,8e-06,'0','STAR','F9'
'2855','54466','437','26','3214564430608099328',164.87924,28.929857,56.15,-0.00026,1e-05,'0','STAR','A0'
'2855','54466','438','26','3214564705486006272',164.92739,28.718022,87.02,-0.000101,9e-06,'0','STAR','F9'
'2855','54466','440','26','3214565255241820160',164.96724,28.501852,78.24,-0.000109,9e-06,'0','STAR','K7'
'2855','54466','441','26','3214565530119727104',165.42883,29.736091,62.45,-0.000546,4e-06,'0','STAR','A0'
'2855','54466','443','26','3214566079875540992',165.60136,29.719251,76.3,0.000529,8e-06,'0','STAR','F5'
'2855','54466','444','26','3214566354753447936',165.66737,29.355654,69.43,-0.000169,8e-06,'0','STAR','F9'
'2855','54466','445','26','3214566629631354880',165.53185,29.604786,85.79,0.000486,9e-06,'0','STAR','F9'
'2855','54466','446','26','3214566904509261824',165.60006,29.835768,71.72,0.000154,7e-06,'0','STAR','K1'
'2855','54466','447','26','3214567179387168768',165.45561,29.715964,50.45,0.000193,8e-06,'0','STAR','F9'
'2855','54466','448','26','3214567454265075712',165.71796,29.538549,85.82,-2.7e-05,8e-06,'0','STAR','F9'
'2855','54466','449','26','3214567729142982656',165.44966,29.43672,75.13,0.000134,8e-06,'0','STAR','F9'
'2855','54466','450','26','3214568004020889600',165.47529,29.797077,92.98,0.000234,8e-06,'0','STAR','F9'
'2855','54466','451','26','3214568278898796544',165.73008,29.619949,91.54,0.000179,8e-06,'0','STAR','F9'
'2855','54466','452','26','3214568553776703488',165.55692,29.358739,39.33,-9.3e-05,1.6e-05,'0','STAR','A0'
'2855','54466','453','26','3214568828654610432',165.54434,29.526492,40.83,-0.000324,1.2e-05,'0','STAR','F5'
'2855','54466','454','26','3214569103532517376',165.57874,29.280795,62.96,-0.000352,1.1e-05,'0','STAR','F5'
'2855','54466','461','26','3214571027677865984',165.28548,28.938335,58.21,-0.000194,9e-06,'0','STAR','F5'
'2855','54466','462','26','3214571302555772928',165.49636,29.142867,77.53,4.3e-05,8e-06,'0','STAR','F9'
'2855','54466','463','26','3214571577433679872',165.23356,28.947873,82.45,-9.9e-05,9e-06,'0','STAR','F9'
'2855','54466','464','26','3214571852311586816',165.38936,28.893891,57.43,0.000197,1e-05,'0','STAR','F5'
'2855','54466','465','26','3214572127189493760',165.36668,29.077378,61.49,0.000227,9e-06,'0','STAR','F9'
'2855','54466','466','26','3214572402067400704',165.27328,29.05609,86.83,-0.000146,9e-06,'0','STAR','F5'
'2855','54466','469','26','3214573226701121536',165.19129,28.993511,45.87,0.000257,1.5e-05,'0','STAR','A0'
'2855','54466','472','26','3214574051334842368',165.10608,28.709956,55.96,-0.000263,1.1e-05,'0','STAR','G0'
'2855','54466','475','26','3214574875968563200',165.19594,28.530209,47.62,0.000186,1e-05,'0','STAR','G2'
'2855','54466','477','26','3214575425724377088',165.40841,28.635209,80.33,-0.00028,6e-06,'0','STAR','A0'
'2855','54466','478','26','3214575700602284032',165.49451,28.717082,73.18,-0.000112,9e-06,'0','STAR','F5'
'2855','54466','480','26','3214576250358097920',165.12262,28.729965,88.03,5.4e-05,7e-06,'0','STAR','K3'
'2855','54466','482','26','3214576800113911808',165.57153,28.799676,53.58,-0.000131,9e-06,'0','STAR','F9'
'2855','54466','485','26','3214577624747632640',165.6359,28.506983,68.19,-9.2e-05,8e-06,'0','STAR','F9'
'2855','54466','487','26','3214578174503446528',165.5809,28.718495,90.24,-9.1e-05,9e-06,'0','STAR','F9'
'2855','54466','488','26','3214578449381353472',165.73519,28.953223,57.67,-0.000421,1e-05,'0','STAR','F9'
'2855','54466','489','26','3214578724259260416',165.70403,28.857064,70.38,7.6e-05,9e-06,'0','STAR','F9'
'2855','54466','490','26','3214578999137167360',165.61872,28.927958,47.99,-0.000315,1.3e-05,'0','STAR','A0'
'2855','54466','491','26','3214579274015074304',165.72246,28.728428,81.98,-7.2e-05,9e-06,'0','STAR','F9'
'2855','54466','493','26','3214579823770888192',165.69363,28.611378,91.22,0.000343,9e-06,'0','STAR','G2'
'2855','54466','494','26','3214580098648795136',165.51592,28.675312,73.09,0.000154,8e-06,'0','STAR','F5'
'2855','54466','495','26','3214580373526702080',165.83121,28.463843,49.11,-0.000213,1.1e-05,'0','STAR','F5'
'2855','54466','496','26','3214580648404609024',165.70361,28.518844,64.95,-0.000195,1e-05,'0','STAR','G2'
'2855','54466','497','26','3214580923282515968',165.68227,28.84672,84.56,-0.000144,1e-05,'0','STAR','F9'
'2855','54466','499','26','3214581473038329856',165.72328,28.47485,41.48,-0.000297,8e-06,'0','STAR','K3'
'2855','54466','500','26','3214581747916236800',165.69389,28.691239,50.75,-0.000197,8e-06,'0','STAR','A0'
'2855','54466','502','26','3214582297672050688',165.97609,28.508304,64.62,0.000214,9e-06,'0','STAR','F5'
'2855','54466','503','26','3214582572549957632',165.86491,28.736438,86.01,-0.000162,9e-06,'0','STAR','F9'
'2855','54466','504','26','3214582847427864576',165.94121,29.063244,57.23,-8.3e-05,8e-06,'0','STAR','F9'
'2855','54466','505','26','3214583122305771520',165.92173,28.69244,73.47,-0.000263,9e-06,'0','STAR','F2'
'2855','54466','506','26','3214583397183678464',165.99731,28.521885,66.45,0.000375,9e-06,'0','STAR','F9'
'2855','54466','510','26','3214584496695306240',165.84274,29.136851,78.11,-0.000114,9e-06,'0','STAR','F9'
'2855','54466','512','26','3214585046451120128',166.0383,28.921572,64.87,-0.000239,9e-06,'0','STAR','F5'
'2855','54466','514','26','3214585596206934016',165.8995,28.860557,44.31,-0.000272,1.2e-05,'0','STAR','F9'
'2855','54466','515','26','3214585871084840960',166.09475,28.990931,87.13,-0.000116,1e-05,'0','STAR','F9'
'2855','54466','517','26','3214586420840654848',165.98142,28.924922,53.15,-1.5e-05,8e-06,'0','STAR','F9'
'2855','54466','521','26','3214587520352282624',165.82228,29.817137,85.39,-6.6e-05,8e-06,'0','STAR','F9'
'2855','54466','523','26','3214588070108096512',165.905,29.62941,61.72,0.000117,1e-05,'0','STAR','F9'
'2855','54466','524','26','3214588344986003456',165.81679,29.529999,78.79,0.000201,8e-06,'0','STAR','F5'
'2855','54466','530','26','3214589994253445120',165.98267,29.630126,86.74,-0.000211,8e-06,'0','STAR','F5'
'2855','54466','531','26','3214590269131352064',165.90128,29.237153,64.26,-0.000571,1.1e-05,'0','STAR','F9'
'2855','54466','532','26','3214590544009259008',165.79491,29.342494,42.65,0.000293,9e-06,'0','STAR','F9'
'2855','54466','537','26','3214591918398793728',166.03069,29.198047,68.1,0.000289,1.1e-05,'0','STAR','F5'
'2855','54466','539','26','3214592468154607616',165.95609,29.385505,44.26,0.000189,1e-05,'0','STAR','F5'
'2855','54466','540','26','3214592743032514560',165.80108,29.854065,81.76,5e-05,9e-06,'0','STAR','F9'
'2870','54534','108','26','3231362495520204800',166.01103,28.132865,25.07,0.000203,1.1e-05,'0','STAR','F9'
'2870','54534','109','26','3231362770398111744',166.07417,28.43899,25.38,0.000503,1.4e-05,'0','STAR','F9'
'2870','54534','110','26','3231363045276018688',165.98841,28.41425,29.97,-4.7e-05,1e-05,'0','STAR','F9'
'2870','54534','113','26','3231363869909739520',165.92123,28.465987,16.12,0.000161,4e-05,'0','STAR','A0'
'2870','54534','114','26','3231364144787646464',166.04216,28.249044,27.28,-0.000102,1.8e-05,'0','STAR','F9'
'2870','54534','141','26','3231371566491133952',165.884,27.98287,16.03,-0.000376,1.7e-05,'0','STAR','F9'
'2870','54534','143','26','3231372116246947840',165.91476,28.090028,21.54,-0.00017,1.9e-05,'0','STAR','F5'
'2870','54534','144','26','3231372391124854784',165.89496,28.134863,35.3,-0.000145,1.4e-05,'0','STAR','F2'
'2870','54534','146','26','3231372940880668672',165.64555,28.097031,19.87,0.000159,2.3e-05,'0','STAR','G2'
'2870','54534','147','26','3231373215758575616',165.68568,28.01974,58.4,-0.000244,9e-06,'0','STAR','G0'
'2870','54534','148','26','3231373490636482560',165.69278,28.501741,29.52,9e-05,1.1e-05,'0','STAR','K3'
'2870','54534','150','26','3231374040392296448',165.76967,28.117209,23.91,-0.000313,1.6e-05,'0','STAR','G2'
'2870','54534','151','26','3231374315270203392',165.64125,28.519768,7.84,-0.000132,0.000106,'0','STAR','A0'
'2870','54534','152','26','3231374590148110336',165.62504,28.221621,18.92,-0.00015,1.5e-05,'0','STAR','F9'
'2870','54534','153','26','3231374865026017280',165.8831,28.175346,28.5,-0.000277,1.1e-05,'0','STAR','F9'
'2870','54534','155','26','3231375414781831168',165.86263,28.160908,6.16,-0.000538,6.7e-05,'0','STAR','A0'
'2870','54534','156','26','3231375689659738112',165.83803,28.483423,16.72,0.000111,1.5e-05,'0','STAR','F9'
'2870','54534','157','26','3231375964537645056',165.69287,28.061235,60.73,-0.000204,9e-06,'0','STAR','G2'
'2870','54534','158','26','3231376239415552000',165.88596,28.36617,40.7,0.000325,9e-06,'0','STAR','K3'
'2870','54534','159','26','3231376514293458944',165.64649,28.186795,64.53,0.000113,9e-06,'0','STAR','G2'
'2870','54534','160','26','3231376789171365888',165.83203,28.463716,59.68,-0.00018,7e-06,'0','STAR','K3'
'2870','54534','161','26','3231377064049272832',165.43887,28.277029,5.71,-0.000174,0.000124,'0','STAR','WD'
'2870','54534','162','26','3231377338927179776',165.60431,27.99958,10.04,0.000142,5.2e-05,'0','STAR','F5'
'2870','54534','164','26','3231377888682993664',165.29113,28.07247,55.87,0.000171,8e-06,'0','STAR','F9'
'2870','54534','166','26','3231378438438807552',165.31707,28.411292,18.55,-0.000835,2.3e-05,'0','STAR','A0'
'2870','54534','167','26','3231378713316714496',165.46735,28.158387,31.31,-5.3e-05,1e-05,'0','STAR','F9'
'2870','54534','168','26','3231378988194621440',165.32307,28.238383,21.22,-0.000157,1.4e-05,'0','STAR','F9'
'2870','54534','169','26','3231379263072528384',165.28456,28.02758,34.36,-0.000355,1.4e-05,'0','STAR','F5'
'2870','54534','171','26','3231379812828342272',165.55114,28.508359,16.49,-1e-06,2.3e-05,'0','STAR','F5'
'2870','54534','174','26','3231380637462063104',165.40014,28.235707,39.95,-0.000108,1e-05,'0','STAR','F9'
'2870','54534','175','26','3231380912339970048',165.48822,27.981719,54.09,-0.000323,9e-06,'0','STAR','F9'
'2870','54534','176','26','3231381187217876992',165.50885,28.333906,46.62,0.000288,9e-06,'0','STAR','F9'
'2870','54534','177','26','3231381462095783936',165.41567,28.416202,9.43,0.00049,8.8e-05,'0','STAR','A0'
'2870','54534','179','26','3231382011851597824',165.38126,27.998432,38.44,-5.6e-05,1.3e-05,'0','STAR','G0'
'2870','54534','180','26','3231382286729504768',165.5999,28.026906,11.83,0.00018,3.3e-05,'0','STAR','G2'
'2870','54534','182','26','3231382836485318656',165.20334,27.986241,32.09,0.000129,1e-05,'0','STAR','K3'
'2870','54534','183','26','3231383111363225600',165.06147,28.476446,23.44,0.00026,1.4e-05,'0','STAR','G2'
'2870','54534','184','26','3231383386241132544',165.0237,28.165024,28.98,-0.000269,1.2e-05,'0','STAR','F9'
'2870','54534','186','26','3231383935996946432',165.05969,28.440199,6.73,0.000264,5.8e-05,'0','STAR','F9'
'2870','54534','187','26','3231384210874853376',165.09414,28.125441,23.46,0.000546,1.5e-05,'0','STAR','A0'
'2870','54534','188','26','3231384485752760320',165.05214,28.343101,28.87,0.000125,1.1e-05,'0','STAR','F9'
'2870','54534','189','26','3231384760630667264',165.20846,28.107501,22.55,-0.000249,2e-05,'0','STAR','G2'
'2870','54534','190','26','3231385035508574208',165.26567,28.062148,24.02,-4.8e-05,1.9e-05,'0','STAR','G0'
'2870','54534','193','26','3231385860142295040',165.25491,28.332927,31.43,-0.000211,1e-05,'0','STAR','F9'
'2870','54534','194','26','3231386135020201984',165.17489,28.298419,19.43,-0.000571,1.8e-05,'0','STAR','F9'
'2870','54534','195','26','3231386409898108928',165.0139,28.529421,31.3,0.000184,1.1e-05,'0','STAR','F9'
'2870','54534','196','26','3231386684776015872',165.24631,28.299322,33.15,4.6e-05,1e-05,'0','STAR','K5'
'2870','54534','197','26','3231386959653922816',165.22697,28.466486,13.16,-0.0,1.3e-05,'0','STAR','M2'
'2870','54534','199','26','3231387509409736704',164.99945,28.320833,57.95,-0.000196,8e-06,'0','STAR','F9'
'2870','54534','200','26','3231387784287643648',165.20632,28.401552,52.42,0.000221,7e-06,'0','STAR','K1'
'2870','54534','221','26','3231393556723689472',164.90591,28.315393,56.54,-0.00047,9e-06,'0','STAR','F9'
'2870','54534','222','26','3231393831601596416',164.72854,28.029192,54.02,0.000103,1.1e-05,'0','STAR','G0'
'2870','54534','224','26','3231394381357410304',164.78331,28.440314,11.28,0.000734,6.6e-05,'0','STAR','A0'
'2870','54534','225','26','3231394656235317248',164.93295,28.318266,59.76,-0.000105,8e-06,'0','STAR','K3'
'2870','54534','228','26','3231395480869038080',164.68122,28.07378,31.62,-0.000386,1.8e-05,'0','STAR','F5'
'2870','54534','229','26','3231395755746945024',164.70004,28.33601,27.44,-0.000212,1.5e-05,'0','STAR','F5'
'2870','54534','231','26','3231396305502758912',164.89533,28.004803,19.56,-0.000184,3.4e-05,'0','STAR','A0'
'2870','54534','232','26','3231396580380665856',164.8392,28.484418,8.49,7.9e-05,6.7e-05,'0','STAR','A0'
'2870','54534','235','26','3231397405014386688',164.84582,28.413511,16.34,-0.000515,2.4e-05,'0','STAR','F5'
'2870','54534','238','26','3231398229648107520',164.93123,28.491798,18.71,0.000511,3.6e-05,'0','STAR','A0'
'2870','54534','239','26','3231398504526014464',164.89102,28.222531,60.43,-0.000317,9e-06,'0','STAR','F5'
'2870','54534','261','26','3231404551839967232',164.55419,28.090032,56.42,1.8e-05,8e-06,'0','STAR','F9'
'2870','54534','263','26','3231405101595781120',164.52336,28.064428,13.3,-0.000648,4e-05,'0','STAR','A0'
'2870','54534','264','26','3231405376473688064',164.53019,28.241833,47.97,8.1e-05,8e-06,'0','STAR','K1'
'2870','54534','265','26','3231405651351595008',164.28085,28.481524,24.65,0.000189,1.3e-05,'0','STAR','K5'
'2870','54534','266','26','3231405926229501952',164.49642,28.299421,6.17,-9e-06,6.5e-05,'0','STAR','F5'
'2870','54534','267','26','3231406201107408896',164.31475,28.44319,23.82,-0.000567,1.7e-05,'0','STAR','F5'
'2870','54534','268','26','3231406475985315840',164.52122,28.18759,57.75,0.000848,9e-06,'0','STAR','F9'
'2870','54534','269','26','3231406750863222784',164.52457,28.343093,43.85,4.4e-05,1.1e-05,'0','STAR','F2'
'2870','54534','270','26','3231407025741129728',164.32397,28.377078,7.52,-0.000223,3.3e-05,'0','STAR','F9'
'2870','54534','271','26','3231407300619036672',164.31815,27.988829,26.04,4.9e-05,1.3e-05,'0','STAR','K7'
'2870','54534','272','26','3231407575496943616',164.59498,28.135662,9.82,0.000158,6.6e-05,'0','STAR','A0'
'2870','54534','273','26','3231407850374850560',164.40847,28.510804,20.8,-0.000465,3.1e-05,'0','STAR','A0'
'2870','54534','275','26','3231408400130664448',164.43831,28.501473,24.03,-2e-06,1.1e-05,'0','STAR','F9'
'2870','54534','276','26','3231408675008571392',164.3871,28.256923,56.03,-0.000131,1e-05,'0','STAR','F2'
'2870','54534','278','26','3231409224764385280',164.27378,28.437508,12.99,-0.000369,2.6e-05,'0','STAR','F5'
'2870','54534','279','26','3231409499642292224',164.34465,28.292145,34.53,0.000771,1.8e-05,'0','STAR','A0'
'2870','54534','280','26','3231409774520199168',164.60072,28.372092,58.95,0.000135,9e-06,'0','STAR','F9'
'2870','54534','304','26','3231416371589965824',164.10243,28.486152,26.24,0.000242,1.3e-05,'0','STAR','F2'
'2870','54534','305','26','3231416646467872768',164.28157,28.002331,9.39,9.1e-05,1.6e-05,'0','STAR','M3'
'2870','54534','307','26','3231417196223686656',164.12858,28.489524,13.49,-0.000104,1.7e-05,'0','STAR','F9'
'2870','54534','308','26','3231417471101593600',164.19121,28.001957,31.03,0.00011,1.2e-05,'0','STAR','F9'
'2870','54534','309','26','3231417745979500544',164.21982,28.150238,11.18,0.000624,3.1e-05,'0','STAR','G0'
'2870','54534','311','26','3231418295735314432',164.1691,28.297709,55.22,7.1e-05,7e-06,'0','STAR','K3'
'2870','54534','312','26','3231418570613221376',164.10631,28.142794,38.91,-4.4e-05,8e-06,'0','STAR','K7'
'2870','54534','313','26','3231418845491128320',164.20333,28.246371,7.79,0.000752,4.6e-05,'0','STAR','F5'
'2870','54534','315','26','3231419395246942208',164.26536,28.510786,23.39,-0.000549,1.5e-05,'0','STAR','F5'
'2870','54534','319','26','3231420494758569984',164.13373,28.454649,22.08,-0.000483,1.5e-05,'0','STAR','G2'
'2870','54534','320','26','3231420769636476928',164.13414,28.37682,16.58,0.000488,4.1e-05,'0','STAR','F5'
'2870','54534','321','26','3231421044514383872',164.61656,29.539728,30.88,5.3e-05,2.3e-05,'0','STAR','WD'
'2870','54534','322','26','3231421319392290816',164.52763,29.562386,31.04,2.1e-05,1.4e-05,'0','STAR','F9'
'2870','54534','323','26','3231421594270197760',164.5242,29.143678,18.37,-0.000359,2.2e-05,'0','STAR','F5'
'2870','54534','324','26','3231421869148104704',164.29491,29.376154,42.47,-5.3e-05,1e-05,'0','STAR','F9'
'2870','54534','325','26','3231422144026011648',164.55355,29.549684,33.21,-0.000441,1.3e-05,'0','STAR','F5'
'2870','54534','326','26','3231422418903918592',164.44829,29.293173,7.15,-0.000504,6.8e-05,'0','STAR','A0'
'2870','54534','327','26','3231422693781825536',164.49415,29.5094,12.43,0.000482,4.1e-05,'0','STAR','F5'
'2870','54534','328','26','3231422968659732480',164.39975,29.46178,49.79,0.000142,7e-06,'0','STAR','K1'
'2870','54534','329','26','3231423243537639424',164.35645,29.313388,8.55,-0.000138,7.6e-05,'0','STAR','A0'
'2870','54534','330','26','3231423518415546368',164.59152,29.458058,18.63,4.5e-05,2.6e-05,'0','STAR','F5'
'2870','54534','331','26','3231423793293453312',164.47765,29.27266,30.25,0.000122,1e-05,'0','STAR','F9'
'2870','54534','332','26','3231424068171360256',164.16787,29.337391,7.72,-0.000186,5.2e-05,'0','STAR','F5'
'2870','54534','333','26','3231424343049267200',164.33232,29.359955,55.39,-0.000246,8e-06,'0','STAR','A0'
'2870','54534','334','26','3231424617927174144',164.54271,29.320284,27.02,-0.000403,1.2e-05,'0','STAR','A0'
'2870','54534','335','26','3231424892805081088',164.45199,29.170291,34.3,0.000245,1.2e-05,'0','STAR','F5'
'2870','54534','336','26','3231425167682988032',164.32552,29.203872,22.89,0.000407,2e-05,'0','STAR','F5'
'2870','54534','337','26','3231425442560894976',164.25539,29.144683,63.34,-7.7e-05,9e-06,'0','STAR','G2'
'2870','54534','339','26','3231425992316708864',164.26555,29.300581,23.68,0.000195,9e-06,'0','STAR','K1'
'2870','54534','342','26','3231426816950429696',164.2133,28.623317,54.97,-0.000175,9e-06,'0','STAR','F9'
'2870','54534','343','26','3231427091828336640',164.24141,28.973121,33.01,-2.2e-05,8e-06,'0','STAR','F9'
'2870','54534','346','26','3231427916462057472',164.15203,29.006216,22.22,-0.000399,1.6e-05,'0','STAR','F5'
'2870','54534','347','26','3231428191339964416',164.23247,28.734567,52.8,8e-06,7e-06,'0','STAR','K1'
'2870','54534','348','26','3231428466217871360',164.1761,28.760742,18.54,0.000466,1.4e-05,'0','STAR','M1'
'2870','54534','352','26','3231429565729499136',164.1635,28.68277,27.03,2.1e-05,1.3e-05,'0','STAR','F2'
'2870','54534','356','26','3231430665241126912',164.16439,28.537397,45.31,-0.000663,1e-05,'0','STAR','F9'
'2870','54534','361','26','3231432039630661632',164.97914,29.481555,51.83,0.00036,1e-05,'0','STAR','F9'
'2870','54534','363','26','3231432589386475520',164.84511,29.562954,9.11,0.000897,7.8e-05,'0','STAR','A0'
'2870','54534','364','26','3231432864264382464',164.8351,29.420608,62.2,-0.000276,8e-06,'0','STAR','F5'
'2870','54534','365','26','3231433139142289408',164.83238,29.596467,23.87,0.000239,1.3e-05,'0','STAR','F9'
'2870','54534','366','26','3231433414020196352',164.77455,29.602629,62.17,-0.000572,9e-06,'0','STAR','F9'
'2870','54534','367','26','3231433688898103296',164.8043,29.243086,24.9,0.000304,1.2e-05,'0','STAR','F9'
'2870','54534','368','26','3231433963776010240',164.88254,29.594282,12.18,0.000335,3.4e-05,'0','STAR','F5'
'2870','54534','370','26','3231434513531824128',164.77872,29.586547,9.62,-0.000185,6.4e-05,'0','STAR','WD'
'2870','54534','372','26','3231435063287638016',164.81678,29.216122,19.23,0.00041,2.7e-05,'0','STAR','F5'
'2870','54534','373','26','3231435338165544960',164.70935,29.331565,27.68,0.000168,1.3e-05,'0','STAR','F9'
'2870','54534','374','26','3231435613043451904',164.92345,29.269761,8.52,0.000342,8.3e-05,'0','STAR','A0'
'2870','54534','375','26','3231435887921358848',164.81103,29.473764,19.16,-0.000444,1.4e-05,'0','STAR','F9'
'2870','54534','376','26','3231436162799265792',164.94836,29.698015,22.85,-0.000285,1.1e-05,'0','STAR','K7'
'2870','54534','377','26','3231436437677172736',164.69008,29.287214,17.43,9.2e-05,2.5e-05,'0','STAR','F2'
'2870','54534','378','26','3231436712555079680',164.97814,29.139379,21.69,8.9e-05,3.2e-05,'0','STAR','A0'
'2870','54534','379','26','3231436987432986624',164.75102,29.422152,23.28,-3.3e-05,2.8e-05,'0','STAR','A0'
'2870','54534','380','26','3231437262310893568',164.96324,29.515245,11.14,0.000363,1.3e-05,'0','STAR','M2'
'2870','54534','381','26','3231437537188800512',164.41688,28.787067,27.62,1.6e-05,1e-05,'0','STAR','K1'
'2870','54534','383','26','3231438086944614400',164.48095,28.676995,10.37,-0.000399,4e-05,'0','STAR','F9'
'2870','54534','385','26','3231438636700428288',164.46077,28.966885,18.54,-0.000313,2.7e-05,'0','STAR','F5'
'2870','54534','386','26','3231438911578335232',164.38241,29.09604,53.17,4.1e-05,7e-06,'0','STAR','K1'
'2870','54534','387','26','3231439186456242176',164.3403,29.12328,64.94,0.000102,9e-06,'0','STAR','F5'
'2870','54534','388','26','3231439461334149120',164.29982,29.083023,8.14,0.000528,9.4e-05,'0','STAR','A0'
'2870','54534','389','26','3231439736212056064',164.46166,29.015112,20.39,0.000663,1.3e-05,'0','STAR','K7'
'2870','54534','390','26','3231440011089963008',164.35438,28.995263,14.45,0.000608,3.9e-05,'0','STAR','G2'
'2870','54534','391','26','3231440285967869952',164.39407,29.003652,35.53,6.8e-05,1.1e-05,'0','STAR','F9'
'2870','54534','392','26','3231440560845776896',164.33095,28.584727,8.86,-0.000354,8.3e-05,'0','STAR','F5'
'2870','54534','393','26','3231440835723683840',164.32861,28.530543,10.46,0.000675,7.3e-05,'0','STAR','A0'
'2870','54534','394','26','3231441110601590784',164.38558,28.702665,26.76,-0.000111,1.6e-05,'0','STAR','F9'
'2870','54534','395','26','3231441385479497728',164.37027,28.610244,38.71,-0.000144,1.5e-05,'0','STAR','A0'
'2870','54534','396','26','3231441660357404672',164.31112,29.057613,40.52,0.000163,1.1e-05,'0','STAR','F5'
'2870','54534','397','26','3231441935235311616',164.25844,28.761545,10.99,0.000476,2.8e-05,'0','STAR','F9'
'2870','54534','400','26','3231442759869032448',164.42898,28.701577,22.85,-0.000106,3.1e-05,'0','STAR','WD'
'2870','54534','401','26','3231443034746939392',165.24252,29.483182,7.74,9.7e-05,4.5e-05,'0','STAR','F9'
'2870','54534','402','26','3231443309624846336',164.98072,29.562202,48.66,-0.00045,1.1e-05,'0','STAR','F9'
'2870','54534','404','26','3231443859380660224',165.04114,29.665018,31.69,-1e-06,2e-05,'0','STAR','WD'
'2870','54534','405','26','3231444134258567168',165.04678,29.598729,28.4,-7.7e-05,1.2e-05,'0','STAR','F9'
'2870','54534','406','26','3231444409136474112',165.28911,29.524292,37.59,-4.5e-05,1.2e-05,'0','STAR','F5'
'2870','54534','407','26','3231444684014381056',165.09662,29.132193,47.15,-0.000111,8e-06,'0','STAR','K3'
'2870','54534','408','26','3231444958892288000',165.11711,29.672052,8.66,-9.1e-05,0.000106,'0','STAR','A0'
'2870','54534','409','26','3231445233770194944',165.09762,29.308692,8.73,-0.000284,8e-05,'0','STAR','A0'
'2870','54534','410','26','3231445508648101888',165.19299,29.575859,36.49,-0.000264,1.1e-05,'0','STAR','F9'
'2870','54534','411','26','3231445783526008832',165.30507,29.37593,6.51,-0.000182,9.3e-05,'0','STAR','F5'
'2870','54534','412','26','3231446058403915776',165.02952,29.201617,18.28,0.000321,4e-05,'0','STAR','A0'
'2870','54534','414','26','3231446608159729664',165.15474,29.454362,17.97,0.000471,1.5e-05,'0','STAR','F9'
'2870','54534','415','26','3231446883037636608',165.00299,29.381754,32.33,7e-06,8e-06,'0','STAR','F9'
'2870','54534','416','26','3231447157915543552',164.99339,29.423555,26.7,-0.000976,1.1e-05,'0','STAR','K5'
'2870','54534','417','26','3231447432793450496',165.21819,29.552665,21.32,-4.5e-05,1.1e-05,'0','STAR','F9'
'2870','54534','418','26','3231447707671357440',165.3159,29.212406,24.79,0.000166,3.2e-05,'0','STAR','A0'
'2870','54534','419','26','3231447982549264384',165.207,29.468834,35.28,-0.000233,1e-05,'0','STAR','F9'
'2870','54534','420','26','3231448257427171328',165.10248,29.508762,24.98,-0.000701,3.2e-05,'0','STAR','A0'
'2870','54534','421','26','3231448532305078272',164.61911,28.864743,31.34,0.000173,1.5e-05,'0','STAR','G2'
'2870','54534','422','26','3231448807182985216',164.80353,28.844833,40.45,5.2e-05,8e-06,'0','STAR','F9'
'2870','54534','423','26','3231449082060892160',164.69394,28.786454,7.62,2.5e-05,6.7e-05,'0','STAR','F5'
'2870','54534','424','26','3231449356938799104',164.78646,28.781405,49.18,-0.000202,8e-06,'0','STAR','F9'
'2870','54534','425','26','3231449631816706048',164.77209,28.705246,8.42,-5.5e-05,6.1e-05,'0','STAR','F5'
'2870','54534','426','26','3231449906694612992',164.78623,29.045285,27.97,0.000286,1.1e-05,'0','STAR','F9'
'2870','54534','427','26','3231450181572519936',164.75177,29.09828,52.06,-0.00032,9e-06,'0','STAR','K1'
'2870','54534','429','26','3231450731328333824',164.57359,28.769263,12.79,0.000366,0.000128,'0','STAR','CarbonWD'
'2870','54534','430','26','3231451006206240768',164.72967,29.045853,33.3,4.7e-05,1e-05,'0','STAR','F9'
'2870','54534','431','26','3231451281084147712',164.56655,28.622086,43.95,-5.1e-05,8e-06,'0','STAR','K1'
'2870','54534','432','26','3231451555962054656',164.55754,28.670015,62.64,-0.000169,9e-06,'0','STAR','F9'
'2870','54534','433','26','3231451830839961600',164.58997,28.628381,43.35,-0.000256,1.1e-05,'0','STAR','G2'
'2870','54534','434','26','3231452105717868544',164.61867,28.726094,16.45,-2.3e-05,4.2e-05,'0','STAR','A0'
'2870','54534','435','26','3231452380595775488',164.72063,28.712315,26.88,-0.000454,2.5e-05,'0','STAR','A0'
'2870','54534','436','26','3231452655473682432',164.81853,28.584793,12.0,-7.2e-05,1.4e-05,'0','STAR','M2'
'2870','54534','437','26','3231452930351589376',164.58842,29.064361,37.5,0.000206,9e-06,'0','STAR','F9'
'2870','54534','438','26','3231453205229496320',164.59473,28.671265,9.99,-0.000242,6.9e-05,'0','STAR','WD'
'2870','54534','439','26','3231453480107403264',164.54711,28.895664,7.43,-0.00017,4.5e-05,'0','STAR','F9'
'2870','54534','440','26','3231453754985310208',164.73263,28.65196,6.91,0.000219,0.000119,'0','STAR','WD'
'2870','54534','441','26','3231454029863217152',165.67636,29.722418,20.34,0.000209,2.5e-05,'0','STAR','A0'
'2870','54534','443','26','3231454579619031040',165.56903,29.685911,13.13,0.00014,5.2e-05,'0','STAR','A0'
'2870','54534','445','26','3231455129374844928',165.50431,29.612331,8.21,-0.000458,4e-05,'0','STAR','A0'
'2870','54534','446','26','3231455404252751872',165.66336,29.610708,33.88,6.5e-05,1e-05,'0','STAR','F9'
'2870','54534','447','26','3231455679130658816',165.59775,29.788592,16.96,-0.000113,3.7e-05,'0','STAR','G2'
'2870','54534','448','26','3231455954008565760',165.55924,29.505065,27.99,0.000144,1e-05,'0','STAR','K1'
'2870','54534','449','26','3231456228886472704',165.56767,29.345236,7.79,-0.000487,3.5e-05,'0','STAR','F5'
'2870','54534','450','26','3231456503764379648',165.52559,29.817333,14.82,-0.000111,1.7e-05,'0','STAR','F9'
'2870','54534','451','26','3231456778642286592',165.66148,29.514267,8.36,0.000419,4.4e-05,'0','STAR','F9'
'2870','54534','452','26','3231457053520193536',165.5027,29.26356,29.59,4e-06,8e-06,'0','STAR','K5'
'2870','54534','453','26','3231457328398100480',165.38711,29.622974,9.62,-0.00052,3.3e-05,'0','STAR','G2'
'2870','54534','455','26','3231457878153914368',165.48297,29.317246,31.35,-0.000294,1.3e-05,'0','STAR','F5'
'2870','54534','456','26','3231458153031821312',165.46083,29.280549,11.34,-0.000105,2.8e-05,'0','STAR','F9'
'2870','54534','458','26','3231458702787635200',165.41146,29.587495,18.37,0.000816,2.1e-05,'0','STAR','F9'
'2870','54534','460','26','3231459252543449088',165.39372,29.2663,24.54,0.000227,1.2e-05,'0','STAR','F9'
'2870','54534','461','26','3231459527421356032',165.06536,29.046417,50.21,4e-06,7e-06,'0','STAR','K1'
'2870','54534','462','26','3231459802299262976',165.08675,29.083943,10.44,-0.000243,5.8e-05,'0','STAR','A0'
'2870','54534','463','26','3231460077177169920',164.95155,28.885425,15.11,9e-06,1.7e-05,'0','STAR','F9'
'2870','54534','464','26','3231460352055076864',164.84892,29.029847,29.54,-7.7e-05,1.1e-05,'0','STAR','F9'
'2870','54534','465','26','3231460626932983808',165.00169,29.111175,12.75,0.00017,1.4e-05,'0','STAR','M3'
'2870','54534','466','26','3231460901810890752',165.06979,28.651309,22.99,-0.000452,1.7e-05,'0','STAR','G2'
'2870','54534','467','26','3231461176688797696',165.12192,28.891574,11.18,-0.000603,7e-05,'0','STAR','A0'
'2870','54534','468','26','3231461451566704640',165.03309,28.758008,26.8,-0.000302,1.4e-05,'0','STAR','F9'
'2870','54534','469','26','3231461726444611584',164.89604,28.931697,12.38,0.000117,2.8e-05,'0','STAR','F9'
'2870','54534','470','26','3231462001322518528',165.11224,29.045629,20.31,6.3e-05,3.2e-05,'0','STAR','WD'
'2870','54534','471','26','3231462276200425472',164.99128,28.814936,27.19,-0.000307,1.7e-05,'0','STAR','F5'
'2870','54534','472','26','3231462551078332416',164.89356,28.729802,50.52,-0.000242,8e-06,'0','STAR','F9'
'2870','54534','473','26','3231462825956239360',165.08706,28.804136,17.51,0.000615,1.8e-05,'0','STAR','F9'
'2870','54534','474','26','3231463100834146304',164.87595,28.716252,7.59,-0.000265,4.7e-05,'0','STAR','F9'
'2870','54534','475','26','3231463375712053248',164.8847,28.651445,17.75,-0.000242,3.9e-05,'0','STAR','A0'
'2870','54534','476','26','3231463650589960192',165.05119,28.767701,20.54,0.000141,1.3e-05,'0','STAR','F9'
'2870','54534','477','26','3231463925467867136',165.11754,28.930273,10.19,0.000466,3.7e-05,'0','STAR','F5'
'2870','54534','478','26','3231464200345774080',164.99171,29.035528,6.98,0.000216,0.000107,'0','STAR','A0'
'2870','54534','479','26','3231464475223681024',165.12277,28.957892,34.13,-0.000172,8e-06,'0','STAR','M0'
'2870','54534','481','26','3231465024979494912',165.39297,28.889065,43.46,-0.000293,1.1e-05,'0','STAR','G2'
'2870','54534','482','26','3231465299857401856',165.32271,28.788716,42.11,-0.000246,8e-06,'0','STAR','K1'
'2870','54534','483','26','3231465574735308800',165.36668,29.077378,54.43,0.000242,9e-06,'0','STAR','F9'
'2870','54534','484','26','3231465849613215744',165.42051,29.035191,16.59,8e-06,1.8e-05,'0','STAR','G2'
'2870','54534','485','26','3231466124491122688',165.129,28.550924,59.66,-0.000232,9e-06,'0','STAR','F9'
'2870','54534','486','26','3231466399369029632',165.36713,28.668102,42.33,4.6e-05,8e-06,'0','STAR','F9'
'2870','54534','487','26','3231466674246936576',165.38905,28.587194,33.38,-1.3e-05,1.7e-05,'0','STAR','A0'
'2870','54534','488','26','3231466949124843520',165.45153,29.027781,13.17,0.000408,3.2e-05,'0','STAR','F5'
'2870','54534','490','26','3231467498880657408',165.42133,28.841793,7.57,-0.000355,4.5e-05,'0','STAR','F5'
'2870','54534','491','26','3231467773758564352',165.20065,29.07146,41.67,-5.1e-05,8e-06,'0','STAR','K1'
'2870','54534','492','26','3231468048636471296',165.40509,29.10709,22.17,0.000308,1.3e-05,'0','STAR','F9'
'2870','54534','493','26','3231468323514378240',165.20664,29.10343,46.06,9.4e-05,9e-06,'0','STAR','F9'
'2870','54534','495','26','3231468873270192128',165.17414,28.920789,15.86,-0.000345,3.4e-05,'0','STAR','A0'
'2870','54534','496','26','3231469148148099072',165.14684,28.602639,36.52,0.001272,1.3e-05,'0','STAR','F5'
'2870','54534','498','26','3231469697903912960',165.22805,28.662606,21.62,-0.000688,2.2e-05,'0','STAR','A0'
'2870','54534','499','26','3231469972781819904',165.25084,28.65257,49.22,0.000386,1e-05,'0','STAR','F9'
'2870','54534','500','26','3231470247659726848',165.42693,28.545683,8.6,-0.00012,3.1e-05,'0','STAR','F9'
'2870','54534','501','26','3231470522537633792',165.74874,28.615458,37.97,-5.6e-05,8e-06,'0','STAR','K1'
'2870','54534','502','26','3231470797415540736',165.49451,28.717082,60.24,-0.000119,1e-05,'0','STAR','F5'
'2870','54534','503','26','3231471072293447680',165.61972,28.696565,7.77,-0.000237,3.2e-05,'0','STAR','F9'
'2870','54534','504','26','3231471347171354624',165.79843,29.118341,22.37,-0.000512,2.5e-05,'0','STAR','F5'
'2870','54534','505','26','3231471622049261568',165.64631,28.827857,48.71,-0.000413,1.1e-05,'0','STAR','G2'
'2870','54534','506','26','3231471896927168512',165.54851,28.861527,18.84,-0.000266,3.4e-05,'0','STAR','A0'
'2870','54534','507','26','3231472171805075456',165.68635,28.784937,35.55,-0.000198,9e-06,'0','STAR','F9'
'2870','54534','508','26','3231472446682982400',165.48391,28.811651,32.19,6.5e-05,9e-06,'0','STAR','K3'
'2870','54534','509','26','3231472721560889344',165.68722,28.647245,23.88,-4.6e-05,1.2e-05,'0','STAR','F9'
'2870','54534','510','26','3231472996438796288',165.89621,29.075519,9.7,-9.4e-05,0.000104,'0','STAR','A0'
'2870','54534','511','26','3231473271316703232',165.61301,28.884869,21.52,-0.000126,1.5e-05,'0','STAR','F9'
'2870','54534','512','26','3231473546194610176',165.70817,29.036267,49.19,7.2e-05,8e-06,'0','STAR','F9'
'2870','54534','514','26','3231474095950424064',165.73519,28.953223,45.89,-0.000434,1e-05,'0','STAR','G2'
'2870','54534','515','26','3231474370828331008',165.88708,29.050556,38.06,-2.4e-05,9e-06,'0','STAR','M0'
'2870','54534','516','26','3231474645706237952',165.85292,28.923758,62.55,-0.000153,8e-06,'0','STAR','F9'
'2870','54534','517','26','3231474920584144896',165.74332,29.05268,9.89,0.000439,5.5e-05,'0','STAR','F5'
'2870','54534','518','26','3231475195462051840',165.7969,29.010324,18.0,-0.000236,2.6e-05,'0','STAR','F5'
'2870','54534','520','26','3231475745217865728',165.75632,28.846563,16.89,6.6e-05,4.3e-05,'0','STAR','A0'
'2870','54534','521','26','3231476020095772672',165.75548,29.589722,26.93,0.000288,1.7e-05,'0','STAR','F5'
'2870','54534','522','26','3231476294973679616',165.91279,29.541743,25.99,0.000508,1.4e-05,'0','STAR','F9'
'2870','54534','523','26','3231476569851586560',165.98285,29.42519,34.31,-4e-06,1.3e-05,'0','STAR','F5'
'2870','54534','524','26','3231476844729493504',166.00945,29.262476,47.25,9.9e-05,8e-06,'0','STAR','F9'
'2870','54534','526','26','3231477394485307392',165.90128,29.237153,53.92,-0.000581,1.2e-05,'0','STAR','F9'
'2870','54534','528','26','3231477944241121280',165.75159,29.539783,15.53,-7.6e-05,1.6e-05,'0','STAR','F9'
'2870','54534','529','26','3231478219119028224',165.98389,29.679538,49.57,-0.000274,9e-06,'0','STAR','F9'
'2870','54534','530','26','3231478493996935168',165.8088,29.527413,9.2,-8e-06,3e-05,'0','STAR','F9'
'2870','54534','531','26','3231478768874842112',165.76531,29.298974,12.95,0.000285,3e-05,'0','STAR','F5'
'2870','54534','533','26','3231479318630656000',165.80342,29.453651,8.01,-0.000159,0.000103,'0','STAR','WD'
'2870','54534','535','26','3231479868386469888',165.91018,29.367096,22.66,-1.9e-05,1.5e-05,'0','STAR','F2'
'2870','54534','536','26','3231480143264376832',165.8217,29.749532,6.39,0.000282,5.1e-05,'0','STAR','F9'
'2870','54534','537','26','3231480418142283776',165.72556,29.162682,48.54,0.000438,1.2e-05,'0','STAR','G2'
'2870','54534','538','26','3231480693020190720',165.77498,29.373693,56.28,-0.000219,1.1e-05,'0','STAR','F2'
'2870','54534','540','26','3231481242776004608',165.91187,29.767492,19.99,-0.00054,1.9e-05,'0','STAR','A0'
'2870','54534','541','26','3231481517653911552',165.8995,28.860557,45.61,-0.000291,1e-05,'0','STAR','G2'
'2870','54534','543','26','3231482067409725440',166.06009,28.536353,28.27,-3.7e-05,1.2e-05,'0','STAR','F9'
'2870','54534','546','26','3231482892043446272',165.92173,28.69244,60.56,-0.000272,9e-06,'0','STAR','F2'
'2870','54534','548','26','3231483441799260160',165.90183,28.65432,46.67,-0.000274,8e-06,'0','STAR','F9'
'2870','54534','550','26','3231483991555074048',166.0732,28.788628,21.8,-0.000335,1.9e-05,'0','STAR','F5'
'2870','54534','551','26','3231484266432980992',165.94297,28.65361,26.69,0.000154,1.5e-05,'0','STAR','G2'
'2870','54534','552','26','3231484541310887936',165.96451,29.124819,19.86,0.000304,1.8e-05,'0','STAR','G2'
'2870','54534','560','26','3231486740334143488',166.08933,28.72674,9.66,-0.000675,6.5e-05,'0','STAR','A0'
'2870','54534','564','26','3231487839845771264',166.08685,29.327601,13.73,-9.2e-05,3.9e-05,'0','STAR','F5'
'2870','54534','570','26','3231489489113212928',166.05317,29.625134,30.61,-5.3e-05,2.1e-05,'0','STAR','A0'
'2870','54534','572','26','3231490038869026816',166.04844,29.570637,11.09,-0.000516,4e-05,'0','STAR','F5'
'2870','54534','573','26','3231490313746933760',166.09682,29.13578,24.2,0.000487,1.3e-05,'0','STAR','F9'
'3263','54887','38','104','3673821923378307072',164.31212,27.986683,14.32,-0.000225,2.9e-05,'0','STAR','A0'
'3263','54887','550','104','3673962660866662400',164.12289,28.618275,64.45,4.2e-05,8e-06,'0','STAR','K5'
'3263','54887','551','104','3673962935744569344',164.25153,28.069047,45.02,0.000535,1e-05,'0','STAR','F5'
'3263','54887','552','104','3673963210622476288',164.16599,28.506516,64.26,-7.7e-05,8e-06,'0','STAR','K5'
'3263','54887','553','104','3673963485500383232',164.1902,28.000095,37.45,0.000103,9e-06,'0','STAR','F9'
'3263','54887','554','104','3673963760378290176',164.23825,28.226347,44.14,-0.000573,1e-05,'0','STAR','F5'
'3263','54887','556','104','3673964310134104064',164.11209,28.182884,15.97,8e-06,2.8e-05,'0','STAR','F5'
'3263','54887','558','104','3673964859889917952',164.17436,28.372936,7.54,0.000484,1.9e-05,'0','STAR','M1'
'3263','54887','559','104','3673965134767824896',164.14723,28.472261,26.91,0.000779,1.7e-05,'0','STAR','F5'
'3263','54887','560','104','3673965409645731840',164.1662,28.392662,18.56,0.000884,2.3e-05,'0','STAR','F5'
'3263','54887','581','104','3673971182081777664',164.41454,28.510223,6.69,-9.5e-05,2.9e-05,'0','STAR','M0'
'3263','54887','582','104','3673971456959684608',164.24692,28.333818,18.74,0.00065,2.1e-05,'0','STAR','F5'
'3263','54887','583','104','3673971731837591552',164.39096,28.343935,19.96,0.000169,1.8e-05,'0','STAR','F5'
'3263','54887','585','104','3673972281593405440',164.51331,28.179237,27.24,3.6e-05,1.3e-05,'0','STAR','F5'
'3263','54887','586','104','3673972556471312384',164.52083,28.285034,56.48,-0.000166,8e-06,'0','STAR','K3'
'3263','54887','587','104','3673972831349219328',164.16439,28.537397,44.01,-0.000679,1e-05,'0','STAR','G2'
'3263','54887','588','104','3673973106227126272',164.37027,28.610244,35.68,-0.000126,1.7e-05,'0','STAR','A0'
'3263','54887','589','104','3673973381105033216',164.35425,28.637294,49.53,0.000104,8e-06,'0','STAR','K1'
'3263','54887','590','104','3673973655982940160',164.48419,28.036928,18.07,0.000491,1.6e-05,'0','STAR','F5'
'3263','54887','591','104','3673973930860847104',164.59108,27.978605,56.26,0.00021,8e-06,'0','STAR','F9'
'3263','54887','592','104','3673974205738754048',164.52668,28.381795,48.62,-2.7e-05,9e-06,'0','STAR','G2'
'3263','54887','593','104','3673974480616660992',164.53019,28.241833,46.67,7.8e-05,7e-06,'0','STAR','K1'
'3263','54887','594','104','3673974755494567936',164.52457,28.343093,45.64,3.3e-05,1.1e-05,'0','STAR','F5'
'3263','54887','595','104','3673975030372474880',164.3152,28.063318,59.24,-5.1e-05,8e-06,'0','STAR','K7'
'3263','54887','596','104','3673975305250381824',164.34465,28.292145,34.52,0.000768,1.7e-05,'0','STAR','A0'
'3263','54887','597','104','3673975580128288768',164.52719,28.19289,45.52,0.000515,1.4e-05,'0','STAR','F5'
'3263','54887','598','104','3673975855006195712',164.52998,28.024567,34.74,0.000537,1.2e-05,'0','STAR','G2'
'3263','54887','601','104','3673976679639916544',164.14009,28.789755,10.4,2.5e-05,1.6e-05,'0','STAR','M2'
'3263','54887','603','104','3673977229395730432',164.77159,28.46195,63.67,-1.8e-05,7e-06,'0','STAR','K5'
'3263','54887','605','104','3673977779151544320',164.37856,29.000654,15.47,-0.000155,2.4e-05,'0','STAR','F5'
'3263','54887','606','104','3673978054029451264',164.31112,29.057613,37.94,0.000128,1.2e-05,'0','STAR','F5'
'3263','54887','611','104','3673979428418985984',164.47813,28.797834,59.25,0.00063,7e-06,'0','STAR','F5'
'3263','54887','613','104','3673979978174799872',164.14821,29.376122,56.11,-6.4e-05,8e-06,'0','STAR','K5'
'3263','54887','614','104','3673980253052706816',164.14598,29.311815,39.52,0.000136,1.1e-05,'0','STAR','F5'
'3263','54887','616','104','3673980802808520704',164.10516,29.301048,32.47,8.3e-05,1.1e-05,'0','STAR','F9'
'3263','54887','619','104','3673981627442241536',164.11067,28.850803,29.14,-0.000486,1.4e-05,'0','STAR','F5'
'3263','54887','620','104','3673981902320148480',164.40309,29.065521,14.19,0.000357,2.2e-05,'0','STAR','F2'
'3263','54887','621','104','3673982177198055424',164.61494,27.987196,35.33,-0.000128,9e-06,'0','STAR','F9'
'3263','54887','622','104','3673982452075962368',164.29521,29.240417,7.02,0.000106,2.3e-05,'0','STAR','M1'
'3263','54887','623','104','3673982726953869312',164.65311,28.449406,8.87,-9.8e-05,2.9e-05,'0','STAR','M1'
'3263','54887','624','104','3673983001831776256',164.77982,28.039814,27.68,-0.000156,1.6e-05,'0','STAR','F2'
'3263','54887','626','104','3673983551587590144',164.71891,28.111723,41.0,-0.000279,1.2e-05,'0','STAR','F5'
'3263','54887','628','104','3673984101343404032',164.58997,28.628381,43.61,-0.000288,1e-05,'0','STAR','G2'
'3263','54887','629','104','3673984376221310976',164.60423,28.352822,46.94,-0.000144,1.1e-05,'0','STAR','A0'
'3263','54887','630','104','3673984651099217920',164.64969,28.161013,64.02,-0.000262,9e-06,'0','STAR','F9'
'3263','54887','632','104','3673985200855031808',164.7774,28.389242,58.29,5.6e-05,9e-06,'0','STAR','G2'
'3263','54887','635','104','3673986025488752640',164.60379,28.298689,54.56,-1.7e-05,7e-06,'0','STAR','K5'
'3263','54887','638','104','3673986850122473472',164.67783,28.517429,16.05,-0.000473,2.2e-05,'0','STAR','F5'
'3263','54887','640','104','3673987399878287360',164.64032,28.676329,13.99,0.000288,1.6e-05,'0','STAR','F9'
